/* Script aggiuntivo per inserimento record nelle tabelle.

Lo script inserisce record in aggiunta a quelli inseriti nella Task 3
con l'obiettivo di rendere più realistica l'analisi per la Task 4 */

INSERT INTO Category (CategoryID, CategoryName) VALUES
(5, 'Giochi educativi')
, (6, 'Giochi elettronici')
, (7, 'Peluche e bambole')
, (8, 'Giochi sportivi e all’aperto');


INSERT INTO Product (ProductID, ProductName, Price, CategoryID) VALUES
(101, 'Sonaglino Baby', 15.00, 1)
, (103, 'Palestrina Neonato', 55.00, 1)
, (104, 'Cubi Impilabili', 20.00, 1)
, (105, 'Giochi Bagnetto Baby', 18.00, 1)
, (106, 'Carillon Dolce Nanna', 25.00, 1)
, (202, 'Risiko!', 35.00, 2)
, (203, 'Cluedo', 28.00, 2)
, (204, 'Taboo', 32.00, 2)
, (205, 'Indovina Chi?', 27.00, 2)
, (206, 'Cranium', 34.00, 2)
, (207, 'Trivial Pursuit Family', 40.00, 2)
, (302, 'Set Costruzioni Maxi', 60.00, 3)
, (303, 'Mega Bloks First Builders', 40.00, 3)
, (304, 'Playmobil City Life', 55.00, 3)
, (305, 'KNex Building Set', 65.00, 3)
, (402, 'Puzzle 1000 pezzi Panorama', 25.00, 4)
, (403, 'Cubo di Rubik', 15.00, 4)
, (404, 'Puzzle 3D Torre Eiffel', 35.00, 4)
, (405, 'Puzzle Magnetico Lettere', 18.00, 4)
, (406, 'Puzzle Geografico Mondo', 30.00, 4)
, (501, 'Kit Esperimenti Scientifici', 35.00, 5)
, (502, 'Globo Interattivo', 70.00, 5)
, (503, 'Robot Programmabile Kids', 85.00, 5)
, (504, 'Microscopio per Bambini', 45.00, 5)
, (505, 'Abaco Colorato', 25.00, 5)
, (506, 'Set Ingegnere in Erba', 60.00, 5)
, (601, 'Console Portatile Kids', 99.00, 6)
, (602, 'Tablet Educativo', 79.00, 6)
, (603, 'Smartwatch Bambini', 65.00, 6)
, (604, 'Droni Mini per Bambini', 90.00, 6)
, (605, 'Macchinina Telecomandata', 50.00, 6)
, (701, 'Orsetto Peluche 50cm', 25.00, 7)
, (702, 'Bambola Fashion', 30.00, 7)
, (703, 'Peluche Giraffa', 28.00, 7)
, (704, 'Casa delle Bambole', 120.00, 7)
, (705, 'Bambola Principessa', 35.00, 7)
, (801, 'Set Racchette Tennis Bambini', 45.00, 8)
, (802, 'Mini Canestro da Basket', 35.00, 8)
, (803, 'Pallone da Calcio Junior', 25.00, 8)
, (804, 'Set Baseball Bambini', 40.00, 8)
, (805, 'Tenda da Campeggio Giocattolo', 50.00, 8)
, (806, 'Piscina Gonfiabile Baby', 60.00, 8)
, (807, 'Bicicletta Senza Pedali', 90.00, 8)
, (808, 'Scivolo da Giardino', 120.00, 8)
, (809, 'Altalena da Giardino', 140.00, 8)
, (810, 'Trampolino Elastico Mini', 180.00, 8);


INSERT INTO Product (ProductID, ProductName, Price, CategoryID) VALUES
(811, 'Scivolo Acquatico Baby', 150.00, 8)
, (812, 'Pallone da Basket Kids', 30.00, 8)
, (813, 'Set Bocce da Giardino', 35.00, 8)
, (814, 'Monopattino 3 Ruote', 60.00, 8)
, (815, 'Set Tennis da Spiaggia', 25.00, 8)
, (816, 'Altalena da Interno', 80.00, 8)
, (817, 'Mini Trampolino Pieghevole', 140.00, 8)
, (818, 'Corda per Saltare Kids', 12.00, 8)
, (819, 'Tenda da Gioco per Bambini', 45.00, 8)
, (820, 'Casetta da Giardino', 200.00, 8)
, (821, 'Macchina Telecomandata 4x4', 70.00, 6)
, (822, 'Drone con Telecamera Mini', 95.00, 6)
, (823, 'Tablet Bambini Smart', 85.00, 6)
, (824, 'Auricolari Bluetooth Kids', 30.00, 6)
, (825, 'Macchina da Corsa Elettrica', 150.00, 6)
, (826, 'Laboratorio di Chimica per Bambini', 50.00, 5)
, (827, 'Set Ingegnere Junior', 55.00, 5)
, (828, 'Microscopio Digitale', 65.00, 5)
, (829, 'Globo Parlante', 80.00, 5)
, (830, 'Robot Educativo Base', 90.00, 5)
, (831, 'Puzzle 500 pezzi Animali', 22.00, 4)
, (832, 'Puzzle 1500 pezzi Natura', 28.00, 4)
, (833, 'Cubo di Rubik 4x4', 18.00, 4)
, (834, 'Set Puzzle Magnetici', 20.00, 4)
, (835, 'Puzzle Disney 1000 pezzi', 25.00, 4)
, (836, 'Lego Friends Casa', 75.00, 3)
, (837, 'Playmobil Pronto Soccorso', 70.00, 3)
, (838, 'Mega Bloks Trenino', 45.00, 3)
, (839, 'Set Architetto Lego', 95.00, 3)
, (840, 'KNex Set Ponti e Strutture', 80.00, 3);


INSERT INTO Product (ProductID, ProductName, Price, CategoryID) VALUES
(606, 'Robot Parlantino', 80.00, 6)
, (607, 'Dronino Educativo', 85.00, 6)
, (608, 'Tablet Kids Color', 95.00, 6)
, (609, 'Puzzle Ingegnoso', 90.00, 4)
, (610, 'Puzzle Space 1000 pezzi', 80.00, 4)
, (611, 'Puzzle 3D Castello', 60.00, 4)
, (612, 'Puzzle Mappamondo', 70.00, 4);


INSERT INTO State (StateID, StateName, RegionID) VALUES
(11, 'France', 1)
, (12, 'Spain', 1)
, (13, 'Germany', 1)
, (14, 'Portugal', 1)
, (21, 'Canada', 2)
, (22, 'Mexico', 2)
, (31, 'Czech Republic', 3)
, (32, 'Hungary', 3)
, (41, 'Japan', 4)
, (42, 'Australia', 4)
, (51, 'Norway', 5)
, (52, 'Denmark', 5);


INSERT INTO Customer (CustomerID, CustomerName, ShippingAddress, StateID) VALUES
(1, 'Nano Bleu', 'Via Monte Napoleone 2, Milano', 10)
, (3, 'Le Monde des Jouets', 'Rue de Rivoli 120, Parigi', 11)
, (4, 'Jouets Magiques', 'Avenue des Champs-Élysées 88, Parigi', 11)
, (5, 'Petit Monde', 'Boulevard Haussmann 20, Parigi', 11)
, (6, 'Juguetes Sol', 'Calle Gran Vía 50, Madrid', 12)
, (7, 'Diversión Infantil', 'Calle de Alcalá 35, Madrid', 12)
, (8, 'Pequeño Mundo', 'La Rambla 15, Barcellona', 12)
, (9, 'Spielwaren König', 'Alexanderplatz 7, Berlino', 13)
, (10, 'Kinderparadies', 'Marienplatz 1, Monaco di Baviera', 13)
, (11, 'Brinquedos Felizes', 'Rua Augusta 100, Lisbona', 14)
, (12, 'Mundo das Crianças', 'Avenida da Liberdade 200, Lisbona', 14)
, (14, 'Toy Galaxy', 'Market Street 300, San Francisco', 20)
, (15, 'Wonder Toys', 'Michigan Avenue 600, Chicago', 20)
, (16, 'Happy Kids', 'Broadway 50, Los Angeles', 20)
, (17, 'Maple Toys', 'Queen Street 150, Toronto', 21)
, (18, 'North Star Toys', 'Rue Sainte-Catherine 250, Montreal', 21)
, (19, 'Polar Bear Toys', 'Granville Street 90, Vancouver', 21)
, (20, 'Juguetería Azteca', 'Avenida Reforma 400, Città del Messico', 22)
, (21, 'Niños Felices', 'Calle Juárez 75, Guadalajara', 22)
, (23, 'Dragon Kids', 'Wangfujing Street 88, Pechino', 40)
, (24, 'Bamboo Toys', 'Tianhe Road 200, Guangzhou', 40)
, (25, 'Tōkyō Toy Store', 'Shibuya Crossing 1, Tokyo', 41)
, (26, 'Osaka Kids', 'Dōtonbori 3-2-1, Osaka', 41)
, (27, 'Kyoto Play', 'Nishiki Market 25, Kyoto', 41)
, (28, 'Koala Toys', 'George Street 500, Sydney', 42)
, (29, 'Boomerang Kids', 'Queen Street 400, Melbourne', 42)
, (31, 'Kraina Zabawek', 'Ulica Floriańska 10, Cracovia', 30)
, (32, 'Hračky Praha', 'Na Příkopě 30, Praga', 31)
, (33, 'Dětský Ráj', 'Wenceslas Square 15, Praga', 31)
, (34, 'Gyermekbolt', 'Váci Utca 40, Budapest', 32)
, (35, 'Játékország', 'Andrássy Avenue 60, Budapest', 32)
, (37, 'Lekplats', 'Kungsgatan 50, Göteborg', 50)
, (38, 'Lekeland', 'Karl Johans gate 20, Oslo', 51)
, (39, 'Barnas Hus', 'Strandgaten 30, Bergen', 51)
, (40, 'Eventyr Legetøj', 'Strøget 90, Copenaghen', 52)
, (41, 'Børnenes Verden', 'Århusgade 10, Copenaghen', 52);


INSERT INTO Sales (SalesOrderNumber, SalesOrderLineNumber, ProductID, StateID, CustomerID, OrderDate, Quantity, UnitPrice, SalesAmount) VALUES
('SO001', 1, 301, 10, 1, '2022-01-10', 5, 50.00, 250.00)
, ('SO002', 1, 302, 10, 1, '2022-01-12', 4, 60.00, 240.00)
, ('SO003', 1, 401, 11, 3, '2022-01-15', 3, 20.00, 60.00)
, ('SO004', 1, 601, 11, 3, '2022-01-20', 2, 99.00, 198.00)
, ('SO005', 1, 701, 12, 5, '2022-01-25', 2, 25.00, 50.00)
, ('SO006', 1, 302, 12, 6, '2022-02-01', 3, 60.00, 180.00)
, ('SO007', 1, 301, 13, 7, '2022-02-04', 4, 50.00, 200.00)
, ('SO008', 1, 401, 13, 8, '2022-02-10', 5, 20.00, 100.00)
, ('SO009', 1, 601, 14, 9, '2022-02-15', 3, 99.00, 297.00)
, ('SO010', 1, 701, 14, 10, '2022-02-20', 1, 25.00, 25.00)
, ('SO011', 1, 501, 20, 11, '2022-03-01', 2, 35.00, 70.00)
, ('SO012', 1, 502, 20, 11, '2022-03-03', 1, 70.00, 70.00)
, ('SO013', 1, 503, 21, 13, '2022-03-05', 1, 85.00, 85.00)
, ('SO014', 1, 602, 21, 13, '2022-03-10', 2, 79.00, 158.00)
, ('SO015', 1, 603, 21, 14, '2022-03-12', 1, 65.00, 65.00)
, ('SO016', 1, 303, 22, 15, '2022-03-15', 2, 40.00, 80.00)
, ('SO017', 1, 304, 22, 15, '2022-03-18', 1, 55.00, 55.00)
, ('SO018', 1, 305, 22, 16, '2022-03-20', 3, 65.00, 195.00)
, ('SO019', 1, 503, 30, 17, '2022-03-25', 2, 85.00, 170.00)
, ('SO020', 1, 504, 30, 17, '2022-03-28', 1, 45.00, 45.00)
, ('SO021', 1, 505, 31, 18, '2022-04-01', 2, 25.00, 50.00)
, ('SO022', 1, 506, 31, 18, '2022-04-03', 1, 60.00, 60.00)
, ('SO023', 1, 701, 31, 19, '2022-04-05', 2, 25.00, 50.00)
, ('SO024', 1, 702, 31, 19, '2022-04-08', 2, 30.00, 60.00)
, ('SO025', 1, 303, 32, 20, '2022-04-10', 1, 40.00, 40.00)
, ('SO026', 1, 304, 32, 20, '2022-04-12', 2, 55.00, 110.00)
, ('SO027', 1, 402, 40, 21, '2022-04-15', 2, 25.00, 50.00)
, ('SO028', 1, 403, 40, 22, '2022-04-18', 1, 15.00, 15.00)
, ('SO029', 1, 404, 40, 22, '2022-04-20', 2, 35.00, 70.00)
, ('SO030', 1, 405, 40, 23, '2022-04-22', 1, 18.00, 18.00)
, ('SO031', 1, 406, 40, 23, '2022-04-24', 2, 30.00, 60.00)
, ('SO032', 1, 501, 50, 24, '2022-05-01', 1, 35.00, 35.00)
, ('SO033', 1, 502, 50, 24, '2022-05-03', 2, 70.00, 140.00)
, ('SO034', 1, 503, 50, 25, '2022-05-05', 1, 85.00, 85.00)
, ('SO035', 1, 602, 50, 25, '2022-05-08', 1, 79.00, 79.00)
, ('SO036', 1, 603, 50, 26, '2022-05-10', 2, 65.00, 130.00)
, ('SO037', 1, 301, 51, 27, '2022-05-15', 5, 50.00, 250.00)
, ('SO038', 1, 302, 51, 27, '2022-05-17', 4, 60.00, 240.00)
, ('SO039', 1, 401, 51, 28, '2022-05-20', 3, 20.00, 60.00)
, ('SO040', 1, 601, 51, 28, '2022-05-23', 2, 99.00, 198.00)
, ('SO041', 1, 701, 51, 28, '2022-05-25', 2, 25.00, 50.00)
, ('SO042', 1, 302, 52, 29, '2022-05-28', 3, 60.00, 180.00)
, ('SO043', 1, 301, 52, 29, '2022-06-01', 4, 50.00, 200.00)
, ('SO044', 1, 401, 52, 30, '2022-06-03', 5, 20.00, 100.00)
, ('SO045', 1, 601, 52, 30, '2022-06-05', 3, 99.00, 297.00)
, ('SO046', 1, 701, 52, 31, '2022-06-08', 1, 25.00, 25.00)
, ('SO047', 1, 501, 52, 31, '2022-06-10', 2, 35.00, 70.00)
, ('SO048', 1, 502, 52, 31, '2022-06-13', 1, 70.00, 70.00)
, ('SO049', 1, 503, 52, 32, '2022-06-15', 1, 85.00, 85.00)
, ('SO050', 1, 602, 52, 32, '2022-06-18', 2, 79.00, 158.00);


INSERT INTO Sales (SalesOrderNumber, SalesOrderLineNumber, ProductID, StateID, CustomerID, OrderDate, Quantity, UnitPrice, SalesAmount) VALUES
('SO051', 1, 301, 10, 1, '2022-07-01', 2, 50.00, 100.00)
, ('SO051', 2, 302, 10, 1, '2022-07-01', 1, 60.00, 60.00)
, ('SO051', 3, 401, 10, 1, '2022-07-01', 3, 20.00, 60.00)
, ('SO052', 1, 503, 11, 3, '2022-07-05', 1, 85.00, 85.00)
, ('SO052', 2, 602, 11, 3, '2022-07-05', 1, 79.00, 79.00)
, ('SO053', 1, 603, 12, 5, '2022-07-10', 2, 65.00, 130.00)
, ('SO053', 2, 701, 12, 5, '2022-07-10', 2, 25.00, 50.00)
, ('SO054', 1, 501, 12, 6, '2022-07-15', 3, 35.00, 105.00)
, ('SO054', 2, 502, 12, 6, '2022-07-15', 1, 70.00, 70.00)
, ('SO055', 1, 302, 13, 7, '2022-07-20', 1, 60.00, 60.00)
, ('SO056', 1, 301, 13, 8, '2022-07-25', 2, 50.00, 100.00)
, ('SO056', 2, 601, 13, 8, '2022-07-25', 1, 99.00, 99.00)
, ('SO057', 1, 401, 14, 9, '2022-08-01', 3, 20.00, 60.00)
, ('SO057', 2, 701, 14, 9, '2022-08-01', 2, 25.00, 50.00)
, ('SO058', 1, 503, 14, 10, '2022-08-05', 1, 85.00, 85.00)
, ('SO058', 2, 502, 14, 10, '2022-08-05', 1, 70.00, 70.00)
, ('SO059', 1, 602, 20, 11, '2022-08-10', 2, 79.00, 158.00)
, ('SO059', 2, 603, 20, 11, '2022-08-10', 1, 65.00, 65.00)
, ('SO060', 1, 301, 20, 11, '2022-08-15', 3, 50.00, 150.00)
, ('SO060', 2, 302, 20, 11, '2022-08-15', 2, 60.00, 120.00)
, ('SO061', 1, 401, 21, 13, '2022-08-20', 1, 20.00, 20.00)
, ('SO062', 1, 501, 21, 13, '2022-08-25', 1, 35.00, 35.00)
, ('SO062', 2, 503, 21, 13, '2022-08-25', 2, 85.00, 170.00)
, ('SO063', 1, 701, 21, 14, '2022-08-30', 1, 25.00, 25.00)
, ('SO063', 2, 702, 21, 14, '2022-08-30', 1, 30.00, 30.00)
, ('SO064', 1, 601, 22, 15, '2022-09-01', 2, 99.00, 198.00)
, ('SO065', 1, 602, 22, 15, '2022-09-05', 1, 79.00, 79.00)
, ('SO066', 1, 603, 22, 16, '2022-09-10', 1, 65.00, 65.00)
, ('SO066', 2, 401, 22, 16, '2022-09-10', 1, 20.00, 20.00)
, ('SO067', 1, 701, 30, 17, '2022-09-15', 1, 25.00, 25.00)
, ('SO067', 2, 302, 30, 17, '2022-09-15', 1, 60.00, 60.00)
, ('SO068', 1, 301, 30, 17, '2022-09-20', 2, 50.00, 100.00)
, ('SO069', 1, 602, 30, 18, '2022-09-25', 1, 79.00, 79.00)
, ('SO070', 1, 503, 30, 18, '2022-09-30', 2, 85.00, 170.00)
, ('SO070', 2, 501, 30, 18, '2022-09-30', 1, 35.00, 35.00)
, ('SO071', 1, 401, 30, 19, '2022-10-01', 3, 20.00, 60.00)
, ('SO072', 1, 301, 31, 19, '2022-10-05', 4, 50.00, 200.00)
, ('SO073', 1, 701, 31, 20, '2022-10-10', 2, 25.00, 50.00)
, ('SO074', 1, 602, 40, 21, '2022-10-15', 1, 79.00, 79.00)
, ('SO075', 1, 503, 40, 22, '2022-10-20', 1, 85.00, 85.00)
, ('SO076', 1, 401, 40, 22, '2022-10-25', 2, 20.00, 40.00)
, ('SO077', 1, 501, 40, 23, '2022-10-30', 1, 35.00, 35.00)
, ('SO078', 1, 701, 50, 24, '2022-11-01', 2, 25.00, 50.00)
, ('SO079', 1, 601, 50, 24, '2022-11-05', 2, 99.00, 198.00)
, ('SO080', 1, 602, 50, 25, '2022-11-10', 1, 79.00, 79.00)
, ('SO081', 1, 603, 50, 25, '2022-11-15', 1, 65.00, 65.00)
, ('SO082', 1, 401, 50, 26, '2022-11-20', 3, 20.00, 60.00)
, ('SO083', 1, 701, 51, 27, '2022-11-25', 2, 25.00, 50.00)
, ('SO084', 1, 503, 51, 27, '2022-11-30', 1, 85.00, 85.00)
, ('SO085', 1, 602, 51, 28, '2022-12-01', 1, 79.00, 79.00);


INSERT INTO Sales (SalesOrderNumber, SalesOrderLineNumber, ProductID, StateID, CustomerID, OrderDate, Quantity, UnitPrice, SalesAmount) VALUES
('SO086', 1, 301, 10, 1, '2023-01-10', 3, 50.00, 150.00)
, ('SO086', 2, 302, 10, 1, '2023-01-10', 2, 60.00, 120.00)
, ('SO087', 1, 401, 11, 3, '2023-01-12', 2, 20.00, 40.00)
, ('SO087', 2, 701, 11, 3, '2023-01-12', 1, 25.00, 25.00)
, ('SO088', 1, 503, 12, 5, '2023-01-15', 1, 85.00, 85.00)
, ('SO088', 2, 602, 12, 5, '2023-01-15', 1, 79.00, 79.00)
, ('SO089', 1, 603, 13, 7, '2023-01-18', 2, 65.00, 130.00)
, ('SO089', 2, 701, 13, 7, '2023-01-18', 2, 25.00, 50.00)
, ('SO090', 1, 501, 13, 8, '2023-01-20', 1, 35.00, 35.00)
, ('SO090', 2, 502, 13, 8, '2023-01-20', 2, 70.00, 140.00)
, ('SO091', 1, 601, 14, 9, '2023-01-22', 2, 99.00, 198.00)
, ('SO092', 1, 602, 14, 9, '2023-01-24', 1, 79.00, 79.00)
, ('SO092', 2, 603, 14, 9, '2023-01-24', 2, 65.00, 130.00)
, ('SO093', 1, 301, 20, 11, '2023-01-26', 4, 50.00, 200.00)
, ('SO093', 2, 302, 20, 11, '2023-01-26', 3, 60.00, 180.00)
, ('SO094', 1, 401, 20, 11, '2023-01-28', 2, 20.00, 40.00)
, ('SO094', 2, 701, 20, 11, '2023-01-28', 1, 25.00, 25.00)
, ('SO095', 1, 503, 21, 13, '2023-02-01', 2, 85.00, 170.00)
, ('SO095', 2, 501, 21, 13, '2023-02-01', 1, 35.00, 35.00)
, ('SO096', 1, 602, 21, 14, '2023-02-03', 2, 79.00, 158.00)
, ('SO097', 1, 603, 21, 14, '2023-02-05', 1, 65.00, 65.00)
, ('SO097', 2, 701, 21, 14, '2023-02-05', 2, 25.00, 50.00)
, ('SO098', 1, 301, 22, 15, '2023-02-08', 5, 50.00, 250.00)
, ('SO099', 1, 302, 22, 15, '2023-02-10', 2, 60.00, 120.00)
, ('SO099', 2, 401, 22, 15, '2023-02-10', 2, 20.00, 40.00)
, ('SO100', 1, 701, 22, 16, '2023-02-12', 1, 25.00, 25.00)
, ('SO100', 2, 503, 22, 16, '2023-02-12', 1, 85.00, 85.00)
, ('SO101', 1, 501, 30, 17, '2023-02-14', 2, 35.00, 70.00)
, ('SO101', 2, 502, 30, 17, '2023-02-14', 1, 70.00, 70.00)
, ('SO102', 1, 602, 30, 18, '2023-02-16', 2, 79.00, 158.00)
, ('SO103', 1, 603, 30, 18, '2023-02-18', 1, 65.00, 65.00)
, ('SO104', 1, 301, 30, 19, '2023-02-20', 3, 50.00, 150.00)
, ('SO104', 2, 401, 30, 19, '2023-02-20', 1, 20.00, 20.00)
, ('SO105', 1, 503, 31, 19, '2023-02-22', 2, 85.00, 170.00)
, ('SO106', 1, 701, 31, 20, '2023-02-24', 2, 25.00, 50.00)
, ('SO107', 1, 602, 40, 21, '2023-02-26', 1, 79.00, 79.00)
, ('SO107', 2, 603, 40, 21, '2023-02-26', 2, 65.00, 130.00)
, ('SO108', 1, 301, 40, 22, '2023-02-28', 4, 50.00, 200.00)
, ('SO109', 1, 302, 40, 22, '2023-03-02', 1, 60.00, 60.00)
, ('SO110', 1, 401, 40, 23, '2023-03-04', 3, 20.00, 60.00)
, ('SO111', 1, 701, 50, 24, '2023-03-06', 1, 25.00, 25.00)
, ('SO111', 2, 503, 50, 24, '2023-03-06', 1, 85.00, 85.00)
, ('SO112', 1, 501, 50, 25, '2023-03-08', 1, 35.00, 35.00)
, ('SO113', 1, 602, 50, 25, '2023-03-10', 2, 79.00, 158.00)
, ('SO114', 1, 603, 50, 26, '2023-03-12', 1, 65.00, 65.00)
, ('SO115', 1, 401, 51, 27, '2023-03-14', 2, 20.00, 40.00)
, ('SO116', 1, 701, 51, 27, '2023-03-16', 1, 25.00, 25.00)
, ('SO117', 1, 503, 51, 28, '2023-03-18', 2, 85.00, 170.00)
, ('SO118', 1, 602, 51, 28, '2023-03-20', 1, 79.00, 79.00)
, ('SO119', 1, 301, 52, 29, '2023-03-22', 4, 50.00, 200.00)
, ('SO120', 1, 302, 52, 29, '2023-03-24', 1, 60.00, 60.00);


INSERT INTO Sales (SalesOrderNumber, SalesOrderLineNumber, ProductID, StateID, CustomerID, OrderDate, Quantity, UnitPrice, SalesAmount) VALUES
('SO121', 1, 401, 52, 29, '2023-03-26', 2, 20.00, 40.00)
, ('SO121', 2, 701, 52, 30, '2023-03-26', 1, 25.00, 25.00)
, ('SO122', 1, 503, 52, 30, '2023-03-28', 1, 85.00, 85.00)
, ('SO122', 2, 502, 52, 30, '2023-03-28', 2, 70.00, 140.00)
, ('SO123', 1, 602, 52, 31, '2023-03-30', 1, 79.00, 79.00)
, ('SO124', 1, 603, 52, 31, '2023-04-02', 2, 65.00, 130.00)
, ('SO125', 1, 301, 52, 32, '2023-04-04', 3, 50.00, 150.00)
, ('SO126', 1, 302, 52, 32, '2023-04-06', 1, 60.00, 60.00)
, ('SO127', 1, 401, 40, 21, '2023-04-08', 2, 20.00, 40.00)
, ('SO127', 2, 701, 40, 21, '2023-04-08', 2, 25.00, 50.00)
, ('SO128', 1, 503, 40, 22, '2023-04-10', 1, 85.00, 85.00)
, ('SO128', 2, 501, 40, 22, '2023-04-10', 1, 35.00, 35.00)
, ('SO129', 1, 602, 40, 23, '2023-04-12', 1, 79.00, 79.00)
, ('SO130', 1, 603, 50, 24, '2023-04-14', 2, 65.00, 130.00)
, ('SO131', 1, 301, 50, 24, '2023-04-16', 4, 50.00, 200.00)
, ('SO132', 1, 302, 50, 25, '2023-04-18', 2, 60.00, 120.00)
, ('SO133', 1, 401, 50, 25, '2023-04-20', 3, 20.00, 60.00)
, ('SO134', 1, 701, 50, 26, '2023-04-22', 2, 25.00, 50.00)
, ('SO135', 1, 503, 51, 27, '2023-04-24', 2, 85.00, 170.00)
, ('SO136', 1, 602, 51, 27, '2023-04-26', 1, 79.00, 79.00)
, ('SO137', 1, 603, 51, 28, '2023-04-28', 1, 65.00, 65.00)
, ('SO138', 1, 301, 51, 28, '2023-04-30', 5, 50.00, 250.00)
, ('SO139', 1, 302, 51, 28, '2023-05-02', 1, 60.00, 60.00)
, ('SO140', 1, 401, 52, 29, '2023-05-04', 2, 20.00, 40.00)
, ('SO141', 1, 701, 52, 29, '2023-05-06', 1, 25.00, 25.00)
, ('SO142', 1, 503, 52, 30, '2023-05-08', 2, 85.00, 170.00)
, ('SO143', 1, 501, 52, 30, '2023-05-10', 1, 35.00, 35.00)
, ('SO144', 1, 602, 52, 31, '2023-05-12', 1, 79.00, 79.00)
, ('SO145', 1, 603, 52, 31, '2023-05-14', 1, 65.00, 65.00)
, ('SO146', 1, 301, 52, 32, '2023-05-16', 3, 50.00, 150.00)
, ('SO147', 1, 302, 52, 32, '2023-05-18', 1, 60.00, 60.00)
, ('SO148', 1, 401, 40, 21, '2023-05-20', 2, 20.00, 40.00)
, ('SO149', 1, 701, 40, 21, '2023-05-22', 1, 25.00, 25.00)
, ('SO150', 1, 503, 40, 22, '2023-05-24', 1, 85.00, 85.00)
, ('SO151', 1, 501, 40, 22, '2023-05-26', 2, 35.00, 70.00)
, ('SO152', 1, 602, 40, 23, '2023-05-28', 1, 79.00, 79.00)
, ('SO153', 1, 603, 50, 24, '2023-05-30', 2, 65.00, 130.00)
, ('SO154', 1, 301, 50, 24, '2023-06-01', 4, 50.00, 200.00)
, ('SO155', 1, 302, 50, 25, '2023-06-03', 1, 60.00, 60.00)
, ('SO156', 1, 401, 50, 25, '2023-06-05', 3, 20.00, 60.00)
, ('SO157', 1, 701, 50, 26, '2023-06-07', 2, 25.00, 50.00)
, ('SO158', 1, 503, 51, 27, '2023-06-09', 1, 85.00, 85.00)
, ('SO159', 1, 602, 51, 27, '2023-06-11', 1, 79.00, 79.00)
, ('SO160', 1, 603, 51, 28, '2023-06-13', 1, 65.00, 65.00)
, ('SO161', 1, 301, 51, 28, '2023-06-15', 5, 50.00, 250.00)
, ('SO162', 1, 302, 51, 28, '2023-06-17', 1, 60.00, 60.00)
, ('SO163', 1, 401, 52, 29, '2023-06-19', 2, 20.00, 40.00)
, ('SO164', 1, 701, 52, 29, '2023-06-21', 1, 25.00, 25.00)
, ('SO165', 1, 503, 52, 30, '2023-06-23', 2, 85.00, 170.00)
, ('SO166', 1, 501, 52, 30, '2023-06-25', 1, 35.00, 35.00)
, ('SO167', 1, 602, 52, 31, '2023-06-27', 1, 79.00, 79.00)
, ('SO168', 1, 603, 52, 31, '2023-06-29', 1, 65.00, 65.00)
, ('SO169', 1, 301, 52, 32, '2023-07-01', 3, 50.00, 150.00)
, ('SO170', 1, 302, 52, 32, '2023-07-03', 1, 60.00, 60.00);


INSERT INTO Sales (SalesOrderNumber, SalesOrderLineNumber, ProductID, StateID, CustomerID, OrderDate, Quantity, UnitPrice, SalesAmount) VALUES
('SO171', 1, 401, 40, 21, '2024-01-10', 2, 20.00, 40.00)
, ('SO171', 2, 701, 40, 21, '2024-01-10', 1, 25.00, 25.00)
, ('SO172', 1, 503, 40, 22, '2024-01-12', 2, 85.00, 170.00)
, ('SO173', 1, 501, 40, 22, '2024-01-14', 1, 35.00, 35.00)
, ('SO174', 1, 602, 40, 23, '2024-01-16', 2, 79.00, 158.00)
, ('SO175', 1, 603, 50, 24, '2024-01-18', 1, 65.00, 65.00)
, ('SO176', 1, 301, 50, 24, '2024-01-20', 4, 50.00, 200.00)
, ('SO177', 1, 302, 50, 25, '2024-01-22', 2, 60.00, 120.00)
, ('SO178', 1, 401, 50, 25, '2024-01-24', 3, 20.00, 60.00)
, ('SO179', 1, 701, 50, 26, '2024-01-26', 2, 25.00, 50.00)
, ('SO180', 1, 503, 51, 27, '2024-01-28', 1, 85.00, 85.00)
, ('SO181', 1, 602, 51, 27, '2024-01-30', 1, 79.00, 79.00)
, ('SO182', 1, 603, 51, 28, '2024-02-01', 1, 65.00, 65.00)
, ('SO183', 1, 301, 51, 28, '2024-02-03', 5, 50.00, 250.00)
, ('SO184', 1, 302, 51, 28, '2024-02-05', 1, 60.00, 60.00)
, ('SO185', 1, 401, 52, 29, '2024-02-07', 2, 20.00, 40.00)
, ('SO186', 1, 701, 52, 29, '2024-02-09', 1, 25.00, 25.00)
, ('SO187', 1, 503, 52, 30, '2024-02-11', 2, 85.00, 170.00)
, ('SO188', 1, 501, 52, 30, '2024-02-13', 1, 35.00, 35.00)
, ('SO189', 1, 602, 52, 31, '2024-02-15', 1, 79.00, 79.00)
, ('SO190', 1, 603, 52, 31, '2024-02-17', 1, 65.00, 65.00)
, ('SO191', 1, 301, 52, 32, '2024-02-19', 3, 50.00, 150.00)
, ('SO192', 1, 302, 52, 32, '2024-02-21', 1, 60.00, 60.00)
, ('SO193', 1, 401, 40, 21, '2024-02-23', 2, 20.00, 40.00)
, ('SO194', 1, 701, 40, 21, '2024-02-25', 1, 25.00, 25.00)
, ('SO195', 1, 503, 40, 22, '2024-02-27', 1, 85.00, 85.00)
, ('SO196', 1, 501, 40, 22, '2024-02-29', 2, 35.00, 70.00)
, ('SO197', 1, 602, 40, 23, '2024-03-02', 1, 79.00, 79.00)
, ('SO198', 1, 603, 50, 24, '2024-03-04', 2, 65.00, 130.00)
, ('SO199', 1, 301, 50, 24, '2024-03-06', 4, 50.00, 200.00)
, ('SO200', 1, 302, 50, 25, '2024-03-08', 1, 60.00, 60.00)
, ('SO201', 1, 401, 50, 25, '2024-03-10', 3, 20.00, 60.00)
, ('SO202', 1, 701, 50, 26, '2024-03-12', 2, 25.00, 50.00)
, ('SO203', 1, 503, 51, 27, '2024-03-14', 1, 85.00, 85.00)
, ('SO204', 1, 602, 51, 27, '2024-03-16', 1, 79.00, 79.00)
, ('SO205', 1, 603, 51, 28, '2024-03-18', 1, 65.00, 65.00)
, ('SO206', 1, 301, 51, 28, '2024-03-20', 5, 50.00, 250.00)
, ('SO207', 1, 302, 51, 28, '2024-03-22', 1, 60.00, 60.00)
, ('SO208', 1, 401, 52, 29, '2024-03-24', 2, 20.00, 40.00)
, ('SO209', 1, 701, 52, 29, '2024-03-26', 1, 25.00, 25.00)
, ('SO210', 1, 503, 52, 30, '2024-03-28', 2, 85.00, 170.00)
, ('SO211', 1, 501, 52, 30, '2024-03-30', 1, 35.00, 35.00)
, ('SO212', 1, 602, 52, 31, '2024-04-01', 1, 79.00, 79.00)
, ('SO213', 1, 603, 52, 31, '2024-04-03', 1, 65.00, 65.00)
, ('SO214', 1, 301, 52, 32, '2024-04-05', 3, 50.00, 150.00)
, ('SO215', 1, 302, 52, 32, '2024-04-07', 1, 60.00, 60.00)
, ('SO216', 1, 401, 40, 21, '2024-04-09', 2, 20.00, 40.00)
, ('SO217', 1, 701, 40, 21, '2024-04-11', 1, 25.00, 25.00)
, ('SO218', 1, 503, 40, 22, '2024-04-12', 2, 85.00, 170.00)
, ('SO219', 1, 501, 40, 22, '2024-04-13', 1, 35.00, 35.00)
, ('SO220', 1, 602, 40, 23, '2024-04-14', 1, 79.00, 79.00)
, ('SO221', 1, 603, 50, 24, '2024-04-15', 2, 65.00, 130.00)
, ('SO222', 1, 301, 50, 24, '2024-04-16', 4, 50.00, 200.00)
, ('SO223', 1, 302, 50, 25, '2024-04-17', 1, 60.00, 60.00)
, ('SO224', 1, 401, 50, 25, '2024-04-18', 3, 20.00, 60.00)
, ('SO225', 1, 701, 50, 26, '2024-04-19', 2, 25.00, 50.00);






